name,job,cpf,uf,salary,status,signUpDate
Aaron Aaberg,Dev Jr,85235708709,AP,8965.3,ATIVO,15/04/2017
Aaron Aaby,AC Sr,59984408701,RO,5312.7,ATIVO,19/04/2017
Abbey Aadland,Analista Sr,51704568080,RJ,5448.6,ATIVO,03/04/2017
Abbie Aagaard,PO Jr,32439637882,PR,3655.1,BLOQUEADO,19/04/2017
Abby Aakre,PO Pl,6994375986,MA,7027.3,ATIVO,03/04/2017
Abdul Aaland,PO Sr,117776300,PE,2058.1,ATIVO,12/04/2017
Abe Aalbers,PO Pl,29413892962,PA,2282.7,ATIVO,19/04/2017
Abel Aalderink,PO Jr,62924550840,MG,5522.2,ATIVO,24/04/2017
Abigail Aalund,AC Pl,27862373278,ES,7880.7,ATIVO,11/04/2017
Abraham Aamodt,PO Jr,72376693462,TO,3833.2,ATIVO,23/04/2017
Abram Aamot,Dev Pl,7111524977,AP,6336.7,ATIVO,04/04/2017
Ada Aanderud,Analista Jr,41851452257,ES,1355.1,ATIVO,16/04/2017
Adah Aanenson,Dev Sr,59876262505,PE,5340.5,ATIVO,10/04/2017
Adalberto Aanerud,PO Jr,84208743964,RJ,6892.8,ATIVO,26/04/2017
Adaline Aarant,AC Jr,44353898868,RS,3086.7,ATIVO,11/04/2017
Adam Aardema,PO Pl,28319028787,AP,4793.6,INATIVO,29/04/2017
Adam Aarestad,AC Sr,10085475815,RJ,9346.5,BLOQUEADO,29/04/2017
Adan Aarhus,Dev Jr,96129441991,RS,789.2,ATIVO,05/04/2017
Addie Aaron,Dev Pl,71480472930,SP,2670.7,ATIVO,25/04/2017
Adela Aarons,AC Pl,62794566687,MA,882.9,ATIVO,06/04/2017
Adelaida Aaronson,Analista Pl,71256245453,AC,5240.7,ATIVO,04/04/2017
Adelaide Aarsvold,Dev Jr,8740471454,AM,133.2,ATIVO,28/04/2017
Adele Aas,PO Sr,54465781202,AL,6007.7,ATIVO,08/04/2017
Adelia Aasby,PO Pl,14511598541,AM,5342.7,ATIVO,17/04/2017
Adelina Aase,AC Sr,3988991775,AP,7048.2,ATIVO,27/04/2017
Adeline Aasen,AC Jr,98585249943,SC,7009.7,ATIVO,23/04/2017
Adell Aavang,AC Jr,62262675180,AC,4309.1,ATIVO,21/04/2017
Adella Abad,Analista Sr,72683671040,TO,3281.6,ATIVO,19/04/2017
Adelle Abadi,PO Sr,29683134602,DF,3978.7,ATIVO,29/04/2017
Adena Abadie,Dev Sr,94585377972,BA,8839,ATIVO,10/04/2017
Adina Abair,AC Sr,71465092811,RR,6720.7,ATIVO,16/04/2017
Adolfo Abaja,Dev Pl,93776782692,SP,8031.8,ATIVO,19/04/2017
Adolph Abajian,AC Pl,68557675240,MS,3429.1,ATIVO,02/04/2017
Adria Abalos,PO Pl,96702330545,MA,9382,ATIVO,25/04/2017
Adrian Abaloz,PO Sr,93561778569,GO,2428.7,ATIVO,27/04/2017
Adrian Abar,Analista Pl,98860170400,BA,1635.9,ATIVO,11/04/2017
Adriana Abarca,Dev Sr,74137320683,RR,8073.4,ATIVO,29/04/2017
Adriane Abare,Analista Pl,80870502824,AM,7371.8,ATIVO,12/04/2017
Adrianna Abascal,AC Pl,72260567983,MA,9709,ATIVO,03/04/2017
Adrianne Abasta,PO Pl,15733397098,GO,8968.3,ATIVO,22/04/2017
Adrien Abate,Dev Jr,53615650085,MT,4673.2,BLOQUEADO,28/04/2017
Adriene Abati,PO Sr,25832134400,PI,5439.9,ATIVO,17/04/2017
Adrienne Abatiell,AC Jr,16232482484,MT,8593.2,ATIVO,04/04/2017
Afton Abato,Dev Pl,48308516351,PB,6889.7,INATIVO,25/04/2017
Agatha Abatti,AC Jr,62917603712,MS,6839.5,ATIVO,16/04/2017
Agnes Abaunza,AC Pl,79754306095,TO,649.6,ATIVO,10/04/2017
Agnus Abaya,AC Sr,15846222617,DF,8827.3,ATIVO,20/04/2017
Agripina Abbadessa,AC Jr,7380864289,TO,7561.2,INATIVO,18/04/2017
Agueda Abbamonte,AC Sr,31743329237,PE,629.1,ATIVO,20/04/2017
Agustin Abbas,AC Jr,83422701494,MG,7088,ATIVO,19/04/2017
Agustina Abbasi,Dev Jr,66666848500,AM,4847.9,BLOQUEADO,05/04/2017
Ahmad Abbassi,Analista Jr,66226913479,RS,2997.4,ATIVO,26/04/2017
Ahmed Abbate,AC Pl,55858122620,AC,9056.7,ATIVO,24/04/2017
Ai Abbatiello,AC Sr,97095837198,MG,7857.4,BLOQUEADO,07/04/2017
Aida Abbay,PO Sr,60831700017,PB,4460.3,INATIVO,15/04/2017
Aide Abbe,AC Pl,10377577936,PI,2188.2,INATIVO,16/04/2017
Aiko Abbed,PO Sr,11185276238,RN,2431.6,ATIVO,17/04/2017
Aileen Abbenante,Analista Sr,90710170521,DF,1241.6,INATIVO,18/04/2017
Ailene Abbey,PO Pl,88554384920,AM,8751,ATIVO,02/04/2017
Aimee Abbinanti,Analista Jr,75900787273,SE,6554,ATIVO,21/04/2017
Aisha Abbington,Analista Jr,75028882177,BA,658.4,ATIVO,07/04/2017
Aja Abbitt,Analista Jr,49940134207,PI,8051.4,ATIVO,28/04/2017
Akiko Abbot,Dev Pl,74919167245,AP,5712.4,ATIVO,04/04/2017
Akilah Abbott,Dev Pl,11907016937,MS,5154.5,ATIVO,15/04/2017
Al Abboud,Analista Sr,63252960796,SE,2269.9,ATIVO,19/04/2017
Alaina Abbruzzese,Dev Jr,39977805601,AL,8107.8,ATIVO,19/04/2017
Alaine Abbs,Dev Jr,70550486640,PE,1951.9,INATIVO,09/04/2017
Alan Abby,PO Jr,75811515499,RS,1650.3,ATIVO,01/04/2017
Alana Abdalla,Dev Sr,37909918305,RJ,8383.9,ATIVO,11/04/2017
Alane Abdallah,PO Jr,39717985863,RS,2190.6,ATIVO,24/04/2017
Alanna Abdel,AC Sr,75204689095,PB,2636.6,ATIVO,22/04/2017
Alayna Abdelal,PO Sr,44014826201,SP,9523.2,ATIVO,25/04/2017
Alba Abdelaziz,Dev Sr,9775233143,AP,1266.9,ATIVO,11/04/2017
Albert Abdeldayen,Analista Sr,25642294849,PB,4137.1,ATIVO,10/04/2017
Albert Abdelhamid,AC Pl,88819308037,MT,3019.2,ATIVO,19/04/2017
Alberta Abdella,PO Pl,62613276614,AC,8535.6,ATIVO,24/04/2017
Albertha Abdelmuti,Dev Jr,63245642660,GO,1231.1,ATIVO,04/04/2017
Albertina Abdelrahman,PO Pl,18641648593,SE,4972,ATIVO,19/04/2017
Albertine Abdelwahed,AC Jr,3764084480,PA,6391.7,INATIVO,29/04/2017
Alberto Abdi,PO Pl,18243694765,PR,2002.4,ATIVO,23/04/2017
Albina Abdin,Analista Sr,93041187272,PR,4259.5,INATIVO,13/04/2017
Alda Abdo,AC Pl,49857163408,MT,3786,ATIVO,17/04/2017
Alden Abdon,Analista Jr,32953695508,GO,8385.6,BLOQUEADO,01/04/2017
Aldo Abdool,PO Pl,20911977694,PB,3819.8,ATIVO,28/04/2017
Alease Abdou,PO Pl,2058474716,MG,9137.9,ATIVO,20/04/2017
Alec Abdul,Dev Sr,6712817803,RJ,953,ATIVO,19/04/2017
Alecia Abdula,Dev Jr,69215234039,MG,5236.3,ATIVO,21/04/2017
Aleen Abdulaziz,Dev Pl,10120496046,SP,8491.6,BLOQUEADO,17/04/2017
Aleida Abdulkarim,Analista Jr,97636831309,PE,9897.5,BLOQUEADO,21/04/2017
Aleisha Abdulla,Analista Jr,53421778043,GO,4820.7,ATIVO,05/04/2017
Alejandra Abdullah,Analista Sr,95322666583,MT,9621.9,ATIVO,07/04/2017
Alejandrina Abdullai,AC Jr,25810715249,RN,5989.1,ATIVO,16/04/2017
Alejandro Abdulmateen,PO Pl,15379209874,BA,2250.7,ATIVO,21/04/2017
Alena Abdulmuniem,Analista Jr,12360959522,PI,2838,ATIVO,14/04/2017
Alene Abdur,Analista Pl,36915091181,MT,5903.4,ATIVO,27/04/2017
Alesha Abe,PO Jr,52096072670,AL,3511.9,ATIVO,10/04/2017
Aleshia Abeb,Analista Pl,73872687115,GO,6302.1,ATIVO,16/04/2017
Alesia Abed,Analista Sr,13214618520,BA,159.7,ATIVO,14/04/2017
Alessandra Abedelah,PO Jr,90450084590,MT,648,ATIVO,04/04/2017
Aleta Abedi,Analista Jr,23136583256,RS,7498.8,ATIVO,11/04/2017
Aletha Abee,AC Pl,94682649558,PR,6791.8,ATIVO,22/04/2017
Alethea Abegg,AC Sr,18933328882,PB,3790.8,ATIVO,11/04/2017
Alethia Abeita,PO Jr,14616771650,PI,4185.9,ATIVO,14/04/2017
Alex Abel,Analista Jr,88011426842,MA,2770.7,ATIVO,12/04/2017
Alex Abela,Dev Jr,32082454916,MG,3318.8,INATIVO,09/04/2017
Alexa Abelar,Dev Jr,77310438949,RJ,8522,ATIVO,09/04/2017
Alexander Abelardo,AC Sr,86082230582,PA,9559.1,ATIVO,15/04/2017
Alexander Abele,PO Sr,54026258084,RN,8045.6,ATIVO,03/04/2017
Alexandra Abeles,PO Sr,90312743050,RR,9570.5,ATIVO,08/04/2017
Alexandria Abell,Dev Jr,10674051009,TO,294.8,ATIVO,06/04/2017
Alexia Abella,Analista Jr,1482642638,GO,8267.6,ATIVO,08/04/2017
Alexis Abellera,Dev Pl,50934333220,ES,9685.2,ATIVO,18/04/2017
Alexis Abelman,Dev Jr,13589200286,AC,7418.6,ATIVO,25/04/2017
Alfonso Abeln,AC Jr,48651855699,AC,3177.4,BLOQUEADO,21/04/2017
Alfonzo Abels,AC Pl,31195367171,PB,9283.7,ATIVO,07/04/2017
Alfred Abelson,Dev Jr,54043904924,PA,4300,INATIVO,12/04/2017
Alfreda Aben,AC Pl,84682970704,CE,435.9,ATIVO,10/04/2017
Alfredia Abend,PO Jr,9306790597,CE,8660.8,ATIVO,09/04/2017
Alfredo Abendroth,PO Jr,4876664293,PA,3898.1,ATIVO,03/04/2017
Ali Aber,Analista Pl,57624771772,RO,2765.6,INATIVO,27/04/2017
Ali Abercombie,PO Jr,64335825757,RJ,3978.2,ATIVO,17/04/2017
Alia Abercrombie,Analista Sr,76422124538,PA,8791,ATIVO,01/04/2017
Alica Aberle,PO Jr,80890639264,AC,8606.3,ATIVO,16/04/2017
Alice Abernatha,AC Jr,61256047210,TO,8927.9,ATIVO,25/04/2017
Alicia Abernathy,Dev Sr,27413350955,PA,6123.1,ATIVO,27/04/2017
Alida Abernethy,Dev Jr,6427704508,PB,3816.3,ATIVO,17/04/2017
Alina Aberson,Analista Jr,81351195859,RN,3943.5,ATIVO,15/04/2017
Aline Abes,AC Pl,43844929878,TO,9932.2,ATIVO,22/04/2017
Alisa Abeta,Dev Sr,45897543712,ES,1160.4,ATIVO,24/04/2017
Alise Abete,Dev Jr,14637509351,PI,4831.6,BLOQUEADO,09/04/2017
Alisha Abetrani,Dev Jr,93079711106,MA,4953,ATIVO,15/04/2017
Alishia Abeyta,Analista Pl,81029668078,PB,143.5,ATIVO,12/04/2017
Alisia Abide,Dev Pl,97257856303,CE,3534.8,ATIVO,26/04/2017
Alison Abigantus,Analista Sr,89362826704,ES,4190.4,ATIVO,18/04/2017
Alissa Abila,Dev Jr,89572995138,SC,8644.2,ATIVO,09/04/2017
Alita Abilay,Analista Sr,14864387095,RS,7029,ATIVO,20/04/2017
Alix Abild,Dev Jr,91706040377,RO,1800.1,ATIVO,12/04/2017
Aliza Abilez,Dev Jr,62273832877,TO,688.1,BLOQUEADO,18/04/2017
Alla Abina,PO Sr,26275509260,ES,2032.5,ATIVO,13/04/2017
Allan Abington,Dev Sr,64927442179,GO,7746.7,ATIVO,25/04/2017
Alleen Abitong,Analista Jr,64737623377,DF,4205.7,ATIVO,01/04/2017
Allegra Abke,PO Jr,82979227668,MS,5951.9,INATIVO,10/04/2017
Allen Abkemeier,Analista Jr,21287534066,RN,2462.8,ATIVO,23/04/2017
Allen Ablang,PO Sr,32343169373,RN,7616.6,ATIVO,26/04/2017
Allena Ablao,PO Jr,64609618915,AM,4602.1,ATIVO,05/04/2017
Allene Able,Analista Jr,23440031772,RR,593,BLOQUEADO,22/04/2017
Allie Ableman,Dev Sr,20718538579,RR,8623.6,ATIVO,02/04/2017
Alline Abler,PO Pl,77263063867,BA,7583.5,ATIVO,24/04/2017
Allison Ables,Dev Pl,90491769768,AC,2438.8,ATIVO,08/04/2017
Allyn Ablin,AC Pl,74937092898,SE,6700.8,ATIVO,21/04/2017
Allyson Abling,Dev Jr,71545596670,BA,7024.5,ATIVO,08/04/2017
Alma Abner,Dev Jr,41393875483,SE,6644,ATIVO,13/04/2017
Almeda Abnet,Dev Pl,60783189265,MG,9495.5,ATIVO,20/04/2017
Almeta Abney,PO Pl,26079557851,AL,1697.8,ATIVO,25/04/2017
Alona Abo,Analista Sr,87727868094,PB,9515.1,ATIVO,13/04/2017
Alonso Abolafia,AC Pl,82249325081,DF,2447,ATIVO,22/04/2017
Alonzo Abolt,PO Sr,9706356215,CE,8830.1,ATIVO,11/04/2017
Alpha Abood,Dev Pl,9196358149,SE,5482.7,ATIVO,29/04/2017
Alphonse Aboshihata,PO Jr,73848223783,PE,5685.8,ATIVO,23/04/2017
Alphonso Aboud,Dev Pl,82041029501,RS,2760.3,ATIVO,04/04/2017
Alta Aboudi,Analista Jr,71939098602,PR,7524.9,ATIVO,03/04/2017
Altagracia Aboulahoud,PO Sr,74364435341,RS,8868.7,BLOQUEADO,20/04/2017
Altha Aboulissan,Analista Jr,33720036081,PR,2203.6,BLOQUEADO,22/04/2017
Althea Abousaleh,Analista Pl,96986179308,SC,5985,ATIVO,05/04/2017
Alton Aboytes,PO Sr,33248054654,AL,1821.2,ATIVO,03/04/2017
Alva Abplanalp,Analista Pl,28120911695,PE,337.9,ATIVO,10/04/2017
Alva Abrachinsky,Dev Sr,90331137917,BA,5445.5,ATIVO,29/04/2017
Alvaro Abraham,Analista Sr,99578041543,AC,1797.5,ATIVO,16/04/2017
Alvera Abrahamian,Analista Sr,17289500318,RN,2859,ATIVO,11/04/2017
Alverta Abrahams,Dev Sr,8357581331,DF,8283.9,ATIVO,06/04/2017
Alvin Abrahamsen,PO Sr,52370580003,BA,6829.1,BLOQUEADO,12/04/2017
Alvina Abrahamson,Dev Sr,91351478494,TO,7239.8,ATIVO,16/04/2017
Alyce Abram,Dev Sr,82992363804,AC,7892.1,ATIVO,12/04/2017
Alycia Abramek,PO Jr,7775573554,AM,3786.5,ATIVO,01/04/2017
Alysa Abramian,Dev Sr,10691450331,AC,5494.7,ATIVO,15/04/2017
Alyse Abramoff,Analista Jr,30609733770,MG,8274.4,ATIVO,29/04/2017
Alysha Abramov,AC Jr,37028998398,RJ,951.1,ATIVO,20/04/2017
Alysia Abramovich,Analista Sr,55652066938,TO,108.5,BLOQUEADO,12/04/2017
Alyson Abramovitz,Analista Pl,95967823204,SE,7720.6,ATIVO,04/04/2017
Alyssa Abramowitz,Dev Jr,29739018718,ES,6465,ATIVO,29/04/2017
Amada Abramowski,PO Jr,87507742555,PB,332.8,INATIVO,06/04/2017
Amado Abrams,AC Sr,69255157159,ES,5424.2,ATIVO,18/04/2017
Amal Abramson,PO Pl,30956046029,PR,5960.5,ATIVO,24/04/2017
Amalia Abrantes,Analista Jr,91716823927,PA,9226.5,INATIVO,18/04/2017
Amanda Abreau,AC Jr,95670017587,AC,7958.4,ATIVO,18/04/2017
Amber Abrecht,PO Sr,47637194248,RJ,612.8,ATIVO,28/04/2017
Amberly Abrego,AC Jr,51891792300,PA,8459.7,ATIVO,02/04/2017
Ambrose Abrell,Analista Pl,26173004801,SC,9009.9,ATIVO,18/04/2017
Amee Abreo,AC Sr,61668519526,MG,3954.5,ATIVO,28/04/2017
Amelia Abreu,AC Sr,4785980761,AL,770.5,ATIVO,19/04/2017
America Abrev,AC Jr,32097035582,MS,3912.3,ATIVO,12/04/2017
Ami Abrew,PO Sr,35796468006,AL,6302.4,ATIVO,05/04/2017
Amie Abrey,Dev Sr,93855603286,DF,9068.5,ATIVO,23/04/2017
Amiee Abrial,Dev Pl,5122764557,BA,9195.2,ATIVO,26/04/2017
Amina Abril,Dev Pl,20934711240,PI,285.6,BLOQUEADO,10/04/2017
Amira Abriola,PO Pl,4512991166,SE,6066.7,INATIVO,22/04/2017
Ammie Abrom,PO Sr,59755161457,PR,1004.7,ATIVO,02/04/2017
Amos Abron,Analista Sr,29222097505,SE,3277.4,INATIVO,08/04/2017
Amparo Abruzzese,Dev Pl,22161218867,PA,6977.8,ATIVO,21/04/2017
Amy Abruzzino,Dev Jr,82219627918,AC,575.1,BLOQUEADO,28/04/2017
An Abruzzo,PO Jr,34729753186,PA,9630.5,BLOQUEADO,08/04/2017
Ana Absalon,PO Jr,20383479134,MT,7000.5,BLOQUEADO,01/04/2017
Anabel Abshear,PO Sr,17071712468,CE,7693.4,ATIVO,12/04/2017
Analisa Absher,Analista Jr,46334920472,AP,4625.2,ATIVO,21/04/2017
Anamaria Abshier,AC Jr,15967845470,RR,3901.5,BLOQUEADO,15/04/2017
Anastacia Abshire,AC Sr,56072745784,RR,356.7,ATIVO,02/04/2017
Anastasia Abson,Analista Jr,92170835261,PA,5523.5,ATIVO,17/04/2017
Andera Abston,PO Sr,62141545510,RJ,4467.8,ATIVO,16/04/2017
Anderson Abt,Analista Sr,37709310923,SE,242.7,ATIVO,16/04/2017
Andra Abts,Analista Sr,22623913609,PE,7637.2,INATIVO,14/04/2017
Andre Abu,AC Jr,62209666350,RO,2229.6,BLOQUEADO,09/04/2017
Andre Abuaita,Analista Sr,42788976348,AP,7239.5,ATIVO,25/04/2017
Andrea Abubakr,Analista Pl,82469174473,BA,2114.8,ATIVO,05/04/2017
Andrea Abud,PO Pl,60195881575,MG,9067.2,INATIVO,24/04/2017
Andreas Abuel,Analista Jr,58694054752,SE,7307.8,ATIVO,28/04/2017
Andree Abugn,Analista Sr,84335715080,SP,1216.8,ATIVO,26/04/2017
Andres Abuhl,PO Pl,8978418163,PB,5910,INATIVO,21/04/2017
Andrew Abundis,PO Pl,67811349655,RR,3549.8,BLOQUEADO,18/04/2017
Andrew Abundiz,AC Jr,4291597657,MG,4437.9,ATIVO,10/04/2017
Andria Aburto,PO Jr,51004059612,RS,7778.7,ATIVO,08/04/2017
Andy Abusufait,Dev Sr,47982821898,GO,9491.7,ATIVO,18/04/2017
Anette Acal,PO Pl,50727147137,CE,5733.1,ATIVO,08/04/2017
Angel Acampora,PO Pl,70261705628,RR,9940.6,ATIVO,11/04/2017
Angel Accala,Dev Pl,54274460444,RS,2709.7,ATIVO,08/04/2017
Angela Accardi,Dev Sr,5482761886,AP,1442.7,ATIVO,02/04/2017
Angele Accardo,Dev Jr,72521633933,MG,8931.1,ATIVO,20/04/2017
Angelena Accetta,PO Pl,52599857295,SE,4593.9,ATIVO,04/04/2017
Angeles Accetturo,PO Pl,93740209127,RS,6043.1,ATIVO,25/04/2017
Angelia Accola,Dev Sr,84875432194,SP,8872.8,ATIVO,18/04/2017
Angelic Accomando,AC Pl,26245486459,PE,2995,ATIVO,19/04/2017
Angelica Accornero,Analista Pl,45228529080,PI,4602.3,ATIVO,02/04/2017
Angelika Accosta,Dev Sr,15196347810,PA,8154.5,BLOQUEADO,03/04/2017
Angelina Accurso,Dev Pl,93502916810,PB,1207.6,ATIVO,02/04/2017
Angeline Ace,AC Jr,31353976882,AM,7209.1,ATIVO,29/04/2017
Angelique Acebedo,Analista Pl,19658672604,AP,5837.4,BLOQUEADO,14/04/2017
Angelita Acebo,Analista Jr,75684691234,PA,3218.7,ATIVO,27/04/2017
Angella Acedo,AC Sr,63191539034,BA,6675.5,ATIVO,16/04/2017
Angelo Acee,Dev Sr,14416299125,PI,1236.6,ATIVO,23/04/2017
Angelo Aceituno,Analista Jr,71968878670,MG,9778.7,BLOQUEADO,19/04/2017
Angelyn Acencio,Dev Sr,465803954,PB,5702.1,ATIVO,11/04/2017
Angie Aceret,PO Sr,64529213714,PA,4920,ATIVO,14/04/2017
Angila Acerno,Analista Jr,12799242332,PI,7292.1,ATIVO,02/04/2017
Angla Acero,AC Jr,94867451967,RO,4231,ATIVO,06/04/2017
Angle Acerra,Dev Pl,78404178178,PE,6053.1,ATIVO,25/04/2017
Anglea Aceto,AC Pl,91954979193,AM,8939.2,BLOQUEADO,20/04/2017
Anh Aceuedo,AC Pl,19167081703,SC,83.4,BLOQUEADO,23/04/2017
Anibal Acevado,PO Jr,19804848724,AP,5823.8,ATIVO,29/04/2017
Anika Aceveda,Analista Jr,89221326128,PA,346.3,INATIVO,16/04/2017
Anisa Acevedo,Dev Jr,35670932820,SE,237,BLOQUEADO,25/04/2017
Anisha Aceves,Dev Sr,20762034190,PB,6136.5,ATIVO,17/04/2017
Anissa Acey,Analista Sr,11579413978,DF,3048.6,ATIVO,11/04/2017
Anita Acfalle,Analista Sr,24944437099,SE,9222.6,ATIVO,19/04/2017
Anitra Achane,Dev Jr,25232171550,PE,6591.3,ATIVO,05/04/2017
Anja Ache,AC Pl,28852966404,BA,8297.7,BLOQUEADO,09/04/2017
Anjanette Acheampong,AC Jr,62057122450,RO,3464.7,ATIVO,13/04/2017
Anjelica Achee,PO Jr,70081911033,RJ,5121.9,ATIVO,26/04/2017
Ann Achekian,Dev Sr,97909028407,MA,6159.4,ATIVO,05/04/2017
Anna Achenbach,Analista Sr,74191086170,DF,3140,ATIVO,25/04/2017
Annabel Acheson,Analista Pl,4443237240,ES,7688,BLOQUEADO,10/04/2017
Annabell Achille,AC Sr,5557602275,MS,821,ATIVO,05/04/2017
Annabelle Achilles,Analista Jr,27901428740,TO,9105.1,ATIVO,26/04/2017
Annalee Achin,PO Jr,89725162951,SC,7425.6,ATIVO,27/04/2017
Annalisa Achor,Analista Pl,54881763229,GO,715,ATIVO,04/04/2017
Annamae Achord,Dev Sr,91128630257,MA,9368.2,ATIVO,01/04/2017
Annamaria Achorn,Analista Sr,50259016853,PE,8723.3,BLOQUEADO,14/04/2017
Annamarie Achter,AC Pl,40526989165,PR,8330.8,ATIVO,29/04/2017
Anne Achterhof,AC Pl,49142952026,RJ,653.4,BLOQUEADO,29/04/2017
Anneliese Achzet,Dev Pl,85228312706,RJ,9849.2,ATIVO,28/04/2017
Annelle Achziger,AC Jr,9245079422,BA,3332.3,ATIVO,12/04/2017
Annemarie Acierno,Analista Jr,38103029378,BA,9151.5,ATIVO,08/04/2017
Annett Acimovic,AC Sr,27571153913,PA,6713.5,ATIVO,03/04/2017
Annetta Ack,AC Sr,85996907950,RJ,3329.2,ATIVO,05/04/2017
Annette Ackah,Dev Sr,45537514885,MG,4643.8,ATIVO,06/04/2017
Annice Acken,AC Jr,61151506206,PR,670.3,ATIVO,04/04/2017
Annie Acker,AC Sr,9959207706,PR,6144.7,ATIVO,24/04/2017
Annika Ackerley,Dev Pl,25232146106,PA,2230.5,BLOQUEADO,11/04/2017
Annis Ackerly,AC Jr,78554524608,RO,5628.7,ATIVO,11/04/2017
Annita Ackerman,Analista Pl,83610929359,PI,9380,INATIVO,16/04/2017
Annmarie Ackermann,Analista Jr,78926394468,AC,8372.8,INATIVO,26/04/2017
Anthony Ackers,Analista Jr,26554138579,RS,1666.8,ATIVO,29/04/2017
Anthony Ackerson,Dev Pl,16199248627,AC,4218.6,ATIVO,23/04/2017
Antione Ackert,Analista Pl,38192889297,AP,6270.4,BLOQUEADO,02/04/2017
Antionette Ackies,AC Pl,18807238080,AM,2049.5,ATIVO,03/04/2017
Antoine Ackins,PO Jr,64606989459,AM,6577.6,ATIVO,09/04/2017
Antoinette Ackison,Analista Sr,20471449229,CE,8246.5,ATIVO,19/04/2017
Anton Ackiss,Analista Jr,56168020934,PI,5944.7,ATIVO,07/04/2017
Antone Ackland,Analista Pl,57089786943,RJ,7644.9,ATIVO,09/04/2017
Antonetta Acklen,Analista Pl,50160933935,BA,2563.6,ATIVO,27/04/2017
Antonette Ackles,Analista Pl,60076162400,MG,4685.3,ATIVO,13/04/2017
Antonia Ackley,Dev Sr,56895825495,MA,175.3,ATIVO,05/04/2017
Antonia Acklin,Analista Sr,69416057070,AC,4341.2,ATIVO,06/04/2017
Antonietta Ackman,AC Jr,45059588092,SC,9959,ATIVO,20/04/2017
Antonina Ackmann,AC Jr,2072769515,RO,1909.4,ATIVO,02/04/2017
Antonio Ackroyd,AC Pl,30160335850,RR,6555.5,ATIVO,26/04/2017
Antonio Acly,PO Sr,31636546064,SP,524.1,ATIVO,11/04/2017
Antony Acoba,AC Sr,87838106761,AC,4061.4,ATIVO,24/04/2017
Antwan Acocella,Analista Jr,84756458440,SC,3533,BLOQUEADO,26/04/2017
Anya Acock,Dev Pl,38790415477,PI,3858.9,ATIVO,06/04/2017
Apolonia Acoff,Analista Pl,86467339045,PE,6329.5,BLOQUEADO,25/04/2017
April Acor,AC Pl,15355742165,PE,2909,ATIVO,26/04/2017
Apryl Acord,Analista Jr,22823100806,SE,5569,INATIVO,20/04/2017
Ara Acorda,AC Sr,58178345960,BA,5001,ATIVO,26/04/2017
Araceli Acors,AC Sr,4388712000,PA,8854.8,ATIVO,11/04/2017
Aracelis Acosta,Analista Sr,28154626560,CE,4893.5,INATIVO,16/04/2017
Aracely Acosto,PO Pl,1665876050,MG,2293.6,ATIVO,28/04/2017
Arcelia Acothley,PO Sr,32485701563,AM,4699.1,INATIVO,04/04/2017
Archie Acquaviva,PO Jr,49226636141,RJ,862.3,ATIVO,07/04/2017
Ardath Acquilla,AC Sr,75695565936,RR,1886.3,ATIVO,08/04/2017
Ardelia Acre,AC Pl,25158468745,RJ,5888.4,ATIVO,05/04/2017
Ardell Acree,PO Sr,96643269504,CE,4443,INATIVO,17/04/2017
Ardella Acres,Analista Sr,6784435052,CE,1986.1,INATIVO,07/04/2017
Ardelle Acrey,Analista Sr,98757751692,RJ,6130.4,INATIVO,09/04/2017
Arden Acri,Analista Jr,81233809253,PA,5619.3,ATIVO,19/04/2017
Ardis Acron,Analista Pl,98407185094,AM,618.5,ATIVO,09/04/2017
Ardith Actis,AC Jr,78142941260,ES,4500.6,ATIVO,05/04/2017
Aretha Acton,PO Pl,16642062485,AC,1531.2,ATIVO,11/04/2017
Argelia Acuff,Dev Pl,21503742261,RO,8237.1,ATIVO,04/04/2017
Danilo Deus Dar√°,Analista Jr,57647177958,AL,9004.8,ATIVO,23/04/2017
Argentina Acuna,AC Sr,51550949411,RJ,7491.5,BLOQUEADO,19/04/2017
Ariana Acy,Analista Sr,27617468997,DF,6181.6,BLOQUEADO,21/04/2017
Ariane Ada,Analista Pl,77389821876,ES,815.9,ATIVO,08/04/2017
Arianna Adachi,Analista Sr,9453670740,PB,361.6,ATIVO,23/04/2017
Arianne Adair,Dev Sr,35065578664,MS,254.1,ATIVO,18/04/2017
Arica Adalja,PO Sr,65567669410,MS,1008.7,INATIVO,02/04/2017
Arie Adam,PO Pl,22206031647,PB,2700.4,ATIVO,06/04/2017
Ariel Adamaitis,Analista Pl,25068522805,AP,3690.1,ATIVO,17/04/2017
Ariel Adamcik,AC Sr,14364416762,AM,9463.9,ATIVO,21/04/2017
Arielle Adamczak,Dev Pl,18351143502,SC,7736.1,ATIVO,26/04/2017
Arla Adamczyk,AC Jr,80478555490,RJ,3509.6,ATIVO,25/04/2017
Arlean Adame,Analista Sr,86278859904,TO,9147.5,ATIVO,12/04/2017
Arleen Adamec,PO Jr,64686712050,PA,5293.3,ATIVO,02/04/2017
Arlen Adamek,Analista Pl,14000940384,SC,374,ATIVO,02/04/2017
Arlena Adames,Analista Pl,1581808950,AP,7673.9,ATIVO,22/04/2017
Arlene Adami,Dev Sr,31324712082,RN,3691.1,ATIVO,17/04/2017
Arletha Adamiak,Analista Sr,70308970055,AC,8333.5,ATIVO,27/04/2017
Arletta Adamik,Dev Jr,72523904624,RO,2217.3,ATIVO,29/04/2017
Arlette Adamis,PO Jr,49751815762,SC,2078.4,ATIVO,08/04/2017
Arlie Adamitis,Dev Jr,38587177389,RO,7952.9,ATIVO,03/04/2017
Arlinda Adamo,PO Pl,58345359922,ES,8984.5,ATIVO,09/04/2017
Arline Adamos,PO Jr,95317750105,RS,1034,ATIVO,04/04/2017
Arlyne Adamowski,PO Jr,96822314776,TO,484.4,ATIVO,29/04/2017
Armand Adams,Dev Jr,94626077455,PE,1872.9,ATIVO,06/04/2017
Armanda Adamsen,Analista Pl,15130436768,RO,2736.5,ATIVO,06/04/2017
Armandina Adamski,Analista Jr,71494928,AL,4361.9,ATIVO,04/04/2017
Armando Adamsky,AC Jr,52104277140,MA,9975.3,ATIVO,20/04/2017
Armida Adamson,PO Pl,58970619399,MS,2752.4,ATIVO,01/04/2017
Arminda Adamsonis,AC Sr,85860603568,DF,2871.2,ATIVO,04/04/2017
Arnetta Adamyan,Dev Jr,23677023149,PI,8787.3,ATIVO,22/04/2017
Arnette Adan,PO Sr,43350658920,PA,2799.8,ATIVO,11/04/2017
Arnita Adank,PO Jr,23086460393,TO,3232.9,INATIVO,11/04/2017
Arnold Adas,Analista Pl,550314040,PE,6795.8,ATIVO,23/04/2017
Arnoldo Adauto,Analista Pl,17579104849,RJ,9329.8,ATIVO,13/04/2017
Arnulfo Adaway,Dev Pl,24705055500,PA,9360.1,ATIVO,15/04/2017
Aron Aday,Dev Sr,2097951902,AP,7666.7,ATIVO,08/04/2017
Arron Adcock,PO Jr,15055189118,AC,2239.3,INATIVO,27/04/2017
Art Adcox,PO Pl,18253740158,PE,8629.1,ATIVO,23/04/2017
Arthur Addair,AC Jr,94231386242,PA,815,ATIVO,27/04/2017
Arthur Addams,Analista Sr,47697603292,RN,1148.9,ATIVO,19/04/2017
Artie Addario,Dev Jr,36948937098,PE,5379,ATIVO,01/04/2017
Arturo Addeo,AC Jr,74538329266,RO,8598.6,ATIVO,16/04/2017
Arvilla Adderley,Dev Sr,65370305285,AL,4395.9,ATIVO,13/04/2017
Asa Adderly,Analista Pl,74627049005,BA,3908.3,BLOQUEADO,07/04/2017
Asha Addesso,Dev Pl,41397399406,PB,1781.8,ATIVO,09/04/2017
Ashanti Addicks,Dev Sr,49513202909,MG,946.1,ATIVO,29/04/2017
Ashely Addie,PO Pl,75031340894,RS,3177.6,ATIVO,10/04/2017
Ashlea Addiego,PO Sr,58038284321,SC,608.4,ATIVO,04/04/2017
Ashlee Addington,Analista Pl,94199660623,PI,7273.6,ATIVO,08/04/2017
Ashleigh Addis,Dev Jr,40174028288,BA,3113.1,ATIVO,28/04/2017
Ashley Addison,PO Sr,74377924001,GO,7538.7,ATIVO,02/04/2017
Ashley Addleman,Analista Sr,82180826702,BA,1141.5,ATIVO,21/04/2017
Ashli Addo,AC Jr,2773593170,AM,3154.1,ATIVO,07/04/2017
Ashlie Adduci,PO Jr,23680059353,AL,5029.6,ATIVO,20/04/2017
Ashly Addy,AC Pl,6862614703,PB,3685.2,ATIVO,07/04/2017
Ashlyn Ade,Analista Jr,76806028160,MG,652.6,INATIVO,17/04/2017
Ashton Adebisi,AC Jr,82779809817,AM,8780.2,ATIVO,14/04/2017
Asia Adee,PO Pl,57813675002,ES,3275.5,ATIVO,16/04/2017
Asley Adel,PO Jr,31596678208,BA,8045.2,ATIVO,05/04/2017
Assunta Adelblue,Analista Sr,10634425676,RJ,9129.8,ATIVO,15/04/2017
Astrid Adelgren,Analista Sr,44186083380,RR,5609.3,ATIVO,10/04/2017
Asuncion Adelizzi,PO Pl,91651443173,AM,4622.7,ATIVO,16/04/2017
Athena Adell,Analista Jr,1377820718,RN,5040.7,ATIVO,23/04/2017
Aubrey Adelman,AC Jr,86365437110,AC,2009.8,ATIVO,01/04/2017
Aubrey Adelmann,PO Pl,62467112519,MT,3154.4,ATIVO,15/04/2017
Audie Adelmund,Analista Pl,14932698607,PB,901.2,ATIVO,16/04/2017
Audra Adels,AC Sr,30673766330,MA,785.5,ATIVO,26/04/2017
Audrea Adelsberg,Analista Sr,16297375348,AL,3395.8,INATIVO,14/04/2017
Audrey Adelson,Analista Pl,91479172880,RR,746.5,BLOQUEADO,27/04/2017
Audria Adelsperger,AC Jr,61537999494,AL,9992.5,ATIVO,08/04/2017
Audrie Adelstein,PO Pl,71097033805,RS,8438,BLOQUEADO,05/04/2017
Audry Adema,PO Sr,59777128398,RS,1707.6,ATIVO,12/04/2017
August Aden,AC Pl,31582903328,MT,6420.9,ATIVO,25/04/2017
Augusta Adens,PO Jr,35912418146,AP,8034.7,ATIVO,07/04/2017
Augustina Ader,PO Sr,97327140506,RN,3334.8,ATIVO,27/04/2017
Augustine Aderhold,AC Sr,39081618270,RJ,3051.3,ATIVO,12/04/2017
Augustine Aderholdt,Dev Sr,83948784582,RS,3323.8,ATIVO,17/04/2017
Augustus Aderholt,Dev Jr,98907078459,RO,6924.1,ATIVO,03/04/2017
Aundrea Aderman,Dev Jr,43151122086,RJ,1030.7,INATIVO,26/04/2017
Aura Aderson,AC Jr,48866591874,DF,546,ATIVO,14/04/2017
Aurea Ades,Analista Pl,27514178767,MS,4855.2,ATIVO,04/04/2017
Aurelia Adessa,Dev Pl,41325397172,GO,6102.6,ATIVO,14/04/2017
Aurelio Adesso,AC Jr,70393875571,SP,7031.1,ATIVO,14/04/2017
Aurora Adey,AC Pl,9301516900,SE,138.3,ATIVO,22/04/2017
Aurore Adeyemo,Analista Jr,90325699291,CE,5320.1,ATIVO,12/04/2017
Austin Adger,Analista Pl,61051975867,DF,1489.3,ATIVO,03/04/2017
Austin Adham,Dev Pl,57283537465,CE,9511.4,INATIVO,03/04/2017
Autumn Adhami,Dev Pl,37504178900,GO,4127.6,ATIVO,22/04/2017
Ava Adi,Dev Jr,84641624135,RJ,9123.6,ATIVO,21/04/2017
Avelina Adib,Analista Pl,42473390282,RS,2086.9,ATIVO,18/04/2017
Avery Adickes,AC Sr,40593365216,CE,1220.6,ATIVO,17/04/2017
Avery Adie,PO Sr,1763829928,AM,407.3,ATIVO,06/04/2017
Avis Adil,AC Jr,83110574357,SC,4078.4,ATIVO,02/04/2017
Avril Adinolfi,AC Sr,4933901112,PA,2169.9,ATIVO,11/04/2017
Awilda Adjei,Analista Sr,60626077028,PA,262.6,ATIVO,18/04/2017
Ayako Adjutant,Dev Pl,64082054375,RO,8449.5,ATIVO,26/04/2017
Ayana Adkerson,PO Pl,74424695409,AL,3023.9,ATIVO,01/04/2017
Ayanna Adkin,Dev Pl,29001816401,RN,6532.6,ATIVO,02/04/2017
Ayesha Adkins,Analista Pl,99255405934,RJ,1509,INATIVO,06/04/2017
Azalee Adkinson,PO Sr,29806085302,RN,7589.4,ATIVO,14/04/2017
Azucena Adkison,Analista Pl,34919784678,AM,1964.6,BLOQUEADO,25/04/2017
Azzie Adkisson,Analista Pl,80698518489,TO,673.5,ATIVO,15/04/2017
Babara Adlam,AC Sr,92044159759,SP,3302.6,ATIVO,26/04/2017
Babette Adle,Dev Jr,16563205410,SE,8223.5,ATIVO,01/04/2017
Bailey Adleman,Analista Sr,22038788359,AM,5497.3,ATIVO,27/04/2017
Bambi Adler,PO Jr,94125796750,PI,7826.4,ATIVO,16/04/2017
Bao Adley,Analista Pl,47884661985,MG,1146.3,ATIVO,25/04/2017
Barabara Adling,Dev Pl,38585622547,SE,5318.6,ATIVO,04/04/2017
Barb Adloff,Analista Sr,22268663884,BA,6324.4,ATIVO,21/04/2017
Barbar Admas,Analista Pl,72381362525,RR,7528.8,ATIVO,24/04/2017
Barbara Admire,Dev Jr,29944723339,RN,6865.9,ATIVO,01/04/2017
Barbera Adner,Analista Pl,78726048337,AC,8029,ATIVO,19/04/2017
Barbie Adney,PO Pl,63081512891,CE,7459.1,ATIVO,22/04/2017
Barbra Adolf,Dev Pl,52533242080,DF,779,INATIVO,27/04/2017
Bari Adolfo,Dev Pl,34415555381,RS,5173.5,ATIVO,26/04/2017
Barney Adolfson,AC Sr,12810844682,BA,2202.7,ATIVO,09/04/2017
Barrett Adolph,PO Jr,35124544376,PA,3083.5,ATIVO,04/04/2017
Barrie Adolphe,Dev Sr,86070019814,BA,243.8,ATIVO,26/04/2017
Barry Adolphsen,Analista Sr,21977529879,AP,8088.6,ATIVO,15/04/2017
Bart Adolphson,AC Pl,98811662257,MS,2062,ATIVO,27/04/2017
Barton Adolphus,Analista Sr,62789344507,PB,8207.9,ATIVO,27/04/2017
Basil Adomaitis,Analista Sr,6787913680,RR,7846.8,ATIVO,09/04/2017
Basilia Adon,Analista Pl,63317238038,SC,9674.2,ATIVO,29/04/2017
Bea Adonis,Analista Sr,80967507049,MG,2657.7,BLOQUEADO,04/04/2017
Beata Adorno,PO Jr,68354973948,PB,2100,ATIVO,08/04/2017
Beatrice Adragna,Dev Pl,18104730207,AP,7213.8,ATIVO,03/04/2017
Beatris Adrian,AC Jr,11603027580,RJ,4883,ATIVO,13/04/2017
Beatriz Adriance,PO Sr,18102701625,RS,5776.2,ATIVO,21/04/2017
Beau Adriano,PO Pl,57402320154,TO,443.3,ATIVO,09/04/2017
Beaulah Adrid,PO Pl,34012316184,RN,1681.1,ATIVO,14/04/2017
Bebe Adrien,AC Jr,73199418210,RJ,8624.6,INATIVO,29/04/2017
Becki Adrion,PO Sr,26761793491,PE,3026,ATIVO,09/04/2017
Beckie Adrovel,AC Sr,36555426071,AM,6953.5,ATIVO,04/04/2017
Becky Adside,Analista Pl,67619378251,CE,2670.3,BLOQUEADO,27/04/2017
Bee Adsit,Analista Jr,28810730852,MA,460.3,ATIVO,05/04/2017
Belen Adu,PO Jr,70251600599,CE,3883.3,ATIVO,25/04/2017
Belia Aduddell,Analista Jr,69590375065,SC,155.2,ATIVO,24/04/2017
Belinda Adule,PO Sr,71760093335,MS,3896.7,ATIVO,20/04/2017
Belkis Adwell,Analista Pl,88924632680,SE,2970.4,ATIVO,23/04/2017
Bell Ady,Analista Pl,77999829188,PR,4547.6,ATIVO,01/04/2017
Bella Adzhabakyan,PO Jr,73220096220,SE,5283.4,ATIVO,14/04/2017
Belle Aegerter,Dev Pl,71146187866,CE,6985.6,ATIVO,15/04/2017
Belva Aeillo,Analista Jr,47333226239,RN,4002,ATIVO,03/04/2017
Ben Aeling,PO Sr,24718652081,MA,2447.1,ATIVO,18/04/2017
Benedict Aemmer,AC Pl,42144481032,RN,2626,ATIVO,17/04/2017
Benita Aerni,Analista Sr,78377777436,GO,5659.8,BLOQUEADO,07/04/2017
Benito Aerts,Analista Sr,42033381900,RO,4433.3,BLOQUEADO,20/04/2017
Benjamin Aery,Dev Pl,84668775681,MT,9088.4,ATIVO,04/04/2017
Bennett Aeschbacher,AC Jr,8462090202,RO,5705.3,ATIVO,25/04/2017
Bennie Aeschliman,PO Jr,39131489141,MT,7799.2,ATIVO,01/04/2017
Bennie Aeschlimann,Dev Sr,64405596301,PR,3655.7,INATIVO,12/04/2017
Benny Afable,PO Sr,45465588802,AM,125.7,ATIVO,08/04/2017
Benton Afalava,PO Jr,41573346713,AC,6994.7,ATIVO,11/04/2017
Berenice Afan,AC Pl,66594112830,MS,1119.7,ATIVO,26/04/2017
Berna Afanador,PO Sr,2029822701,RJ,9010.2,INATIVO,29/04/2017
Bernadette Affagato,PO Jr,28591718780,AP,5154.5,ATIVO,09/04/2017
Bernadine Affeld,PO Pl,4699936695,AL,532.8,ATIVO,19/04/2017
Bernard Affelt,PO Jr,82084478383,CE,1259.3,ATIVO,25/04/2017
Bernarda Affeltranger,PO Pl,86386066308,AC,1495,ATIVO,06/04/2017
Bernardina Affleck,Dev Jr,69469234642,PA,7043.8,ATIVO,07/04/2017
Bernardine Afflick,PO Pl,39928425175,RS,9581.8,ATIVO,04/04/2017
Bernardo Affolter,Dev Pl,94626132812,TO,5301.9,BLOQUEADO,07/04/2017
Berneice Affronti,Analista Sr,47075704028,MT,9712.7,BLOQUEADO,07/04/2017
Bernetta Aflalo,Dev Pl,17159509684,PI,6686.3,INATIVO,05/04/2017
Bernice Afoa,PO Jr,75824878773,RS,9365.8,ATIVO,01/04/2017
Bernie Afonso,Analista Pl,54073919458,BA,9255.6,ATIVO,12/04/2017
Bernie Africa,Dev Pl,85294509903,RS,7486,BLOQUEADO,14/04/2017
Berniece Afshar,Analista Pl,89265773170,AL,3548.9,ATIVO,07/04/2017
Bernita Afshari,PO Sr,612467511,PI,4579.2,INATIVO,22/04/2017
Berry Afton,Dev Sr,5237592155,PR,2300.1,ATIVO,20/04/2017
Berry Afurong,PO Pl,30966857976,SE,5569.1,ATIVO,21/04/2017
Bert Afzal,AC Sr,93729270664,SE,9550,ATIVO,13/04/2017
Berta Agamao,AC Jr,52155621566,AC,7862.8,ATIVO,27/04/2017
Bertha Agan,Analista Pl,98420320862,MS,5523.1,ATIVO,24/04/2017
Bertie Agans,Analista Pl,17949337435,SP,6848.5,BLOQUEADO,15/04/2017
Bertram Agar,PO Sr,89726570859,ES,8246.8,ATIVO,18/04/2017
Beryl Agard,AC Jr,67202647702,PB,8706.5,ATIVO,05/04/2017
Bess Agarwal,PO Jr,42504126522,PA,703.8,ATIVO,25/04/2017
Bessie Agbayani,PO Pl,92137590107,DF,4099.9,ATIVO,05/04/2017
Beth Agbisit,Analista Jr,24966260884,PB,1948.1,ATIVO,29/04/2017
Bethanie Agcaoili,PO Jr,70586832637,CE,1054.9,ATIVO,17/04/2017
Bethann Age,AC Sr,95267437336,RR,2098.5,ATIVO,03/04/2017